,experiment,cloud,env,env_type,nodes,application,metric,value,gpu_count
0,google/gke/cpu,google,gke,cpu,64,kripke,grind_time_seconds,4.004632e-11,0
1,google/gke/cpu,google,gke,cpu,64,kripke,duration,38.61907458305359,0
2,google/gke/cpu,google,gke,cpu,64,kripke,grind_time_seconds,3.998804e-11,0
3,google/gke/cpu,google,gke,cpu,64,kripke,duration,38.9248046875,0
4,google/gke/cpu,google,gke,cpu,64,kripke,grind_time_seconds,4.010951e-11,0
5,google/gke/cpu,google,gke,cpu,64,kripke,duration,39.075859785079956,0
6,google/gke/cpu,google,gke,cpu,64,kripke,grind_time_seconds,4.001977e-11,0
7,google/gke/cpu,google,gke,cpu,64,kripke,duration,38.96544551849365,0
8,google/gke/cpu,google,gke,cpu,64,kripke,grind_time_seconds,4.033377e-11,0
9,google/gke/cpu,google,gke,cpu,64,kripke,duration,39.224547147750854,0
10,google/gke/cpu,google,gke,cpu,64,kripke,sweep_eff,8.18736,0
11,google/gke/cpu,google,gke,cpu,64,kripke,throughput,16113300000.0,0
12,google/gke/cpu,google,gke,cpu,64,kripke,sweep_eff,7.88757,0
13,google/gke/cpu,google,gke,cpu,64,kripke,throughput,16126900000.0,0
14,google/gke/cpu,google,gke,cpu,64,kripke,sweep_eff,8.64277,0
15,google/gke/cpu,google,gke,cpu,64,kripke,throughput,16104500000.0,0
16,google/gke/cpu,google,gke,cpu,64,kripke,sweep_eff,8.07671,0
17,google/gke/cpu,google,gke,cpu,64,kripke,throughput,16082700000.0,0
18,google/gke/cpu,google,gke,cpu,64,kripke,grind_time_seconds,6.209442e-11,0
19,google/gke/cpu,google,gke,cpu,64,kripke,duration,57.50994610786438,0
20,google/gke/cpu,google,gke,cpu,64,kripke,grind_time_seconds,6.206065e-11,0
21,google/gke/cpu,google,gke,cpu,64,kripke,duration,57.230509757995605,0
22,google/gke/cpu,google,gke,cpu,64,kripke,grind_time_seconds,6.208794e-11,0
23,google/gke/cpu,google,gke,cpu,64,kripke,duration,57.293222427368164,0
24,google/gke/cpu,google,gke,cpu,64,kripke,grind_time_seconds,6.217864e-11,0
25,google/gke/cpu,google,gke,cpu,64,kripke,duration,57.31614327430725,0
26,google/gke/cpu,google,gke,cpu,64,kripke,grind_time_seconds,6.20082e-11,0
27,google/gke/cpu,google,gke,cpu,64,kripke,duration,57.12389254570007,0
28,google/gke/cpu,google,gke,cpu,64,kripke,sweep_eff,9.75401,0
29,google/gke/cpu,google,gke,cpu,64,kripke,throughput,16106200000.0,0
30,google/gke/cpu,google,gke,cpu,32,kripke,grind_time_seconds,6.076155e-11,0
31,google/gke/cpu,google,gke,cpu,32,kripke,duration,53.49258351325989,0
32,google/gke/cpu,google,gke,cpu,32,kripke,grind_time_seconds,6.151923e-11,0
33,google/gke/cpu,google,gke,cpu,32,kripke,duration,54.03828024864197,0
34,google/gke/cpu,google,gke,cpu,32,kripke,grind_time_seconds,6.008692e-11,0
35,google/gke/cpu,google,gke,cpu,32,kripke,duration,52.79133629798889,0
36,google/gke/cpu,google,gke,cpu,32,kripke,grind_time_seconds,5.961882e-11,0
37,google/gke/cpu,google,gke,cpu,32,kripke,duration,52.08695960044861,0
38,google/gke/cpu,google,gke,cpu,32,kripke,grind_time_seconds,6.047523e-11,0
39,google/gke/cpu,google,gke,cpu,32,kripke,duration,53.197824001312256,0
40,google/gke/cpu,google,gke,cpu,32,kripke,sweep_eff,16.169,0
41,google/gke/cpu,google,gke,cpu,32,kripke,throughput,13837500000.0,0
42,google/gke/cpu,google,gke,cpu,32,kripke,grind_time_seconds,7.225238e-11,0
43,google/gke/cpu,google,gke,cpu,32,kripke,duration,62.96585774421692,0
44,google/gke/cpu,google,gke,cpu,32,kripke,sweep_eff,15.8982,0
45,google/gke/cpu,google,gke,cpu,32,kripke,throughput,13840400000.0,0
46,google/gke/cpu,google,gke,cpu,32,kripke,grind_time_seconds,7.233954e-11,0
47,google/gke/cpu,google,gke,cpu,32,kripke,duration,63.02104139328003,0
48,google/gke/cpu,google,gke,cpu,32,kripke,sweep_eff,15.0849,0
49,google/gke/cpu,google,gke,cpu,32,kripke,throughput,13823700000.0,0
50,google/gke/cpu,google,gke,cpu,32,kripke,sweep_eff,15.3722,0
51,google/gke/cpu,google,gke,cpu,32,kripke,throughput,13876100000.0,0
52,google/gke/cpu,google,gke,cpu,32,kripke,grind_time_seconds,7.226764e-11,0
53,google/gke/cpu,google,gke,cpu,32,kripke,duration,62.9648756980896,0
54,google/gke/cpu,google,gke,cpu,32,kripke,grind_time_seconds,7.243076e-11,0
55,google/gke/cpu,google,gke,cpu,32,kripke,duration,63.056039333343506,0
56,google/gke/cpu,google,gke,cpu,32,kripke,grind_time_seconds,7.206649e-11,0
57,google/gke/cpu,google,gke,cpu,32,kripke,duration,62.770427942276,0
58,google/gke/cpu,google,gke,cpu,32,kripke,sweep_eff,15.3854,0
59,google/gke/cpu,google,gke,cpu,32,kripke,throughput,13806300000.0,0
60,google/gke/cpu,google,gke,cpu,128,kripke,grind_time_seconds,3.650619e-11,0
61,google/gke/cpu,google,gke,cpu,128,kripke,duration,47.50734233856201,0
62,google/gke/cpu,google,gke,cpu,128,kripke,grind_time_seconds,3.668716e-11,0
63,google/gke/cpu,google,gke,cpu,128,kripke,duration,47.392707109451294,0
64,google/gke/cpu,google,gke,cpu,128,kripke,grind_time_seconds,3.653184e-11,0
65,google/gke/cpu,google,gke,cpu,128,kripke,duration,47.51234269142151,0
66,google/gke/cpu,google,gke,cpu,128,kripke,grind_time_seconds,3.664932e-11,0
67,google/gke/cpu,google,gke,cpu,128,kripke,duration,47.80280780792236,0
68,google/gke/cpu,google,gke,cpu,128,kripke,grind_time_seconds,3.692243e-11,0
69,google/gke/cpu,google,gke,cpu,128,kripke,duration,47.92410635948181,0
70,google/gke/cpu,google,gke,cpu,128,kripke,sweep_eff,3.91047,0
71,google/gke/cpu,google,gke,cpu,128,kripke,throughput,18359500000.0,0
72,google/gke/cpu,google,gke,cpu,128,kripke,sweep_eff,3.76655,0
73,google/gke/cpu,google,gke,cpu,128,kripke,throughput,18336200000.0,0
74,google/gke/cpu,google,gke,cpu,128,kripke,grind_time_seconds,5.45368e-11,0
75,google/gke/cpu,google,gke,cpu,128,kripke,duration,63.46918702125549,0
76,google/gke/cpu,google,gke,cpu,128,kripke,grind_time_seconds,5.446757e-11,0
77,google/gke/cpu,google,gke,cpu,128,kripke,duration,63.05685997009277,0
78,google/gke/cpu,google,gke,cpu,128,kripke,sweep_eff,3.81759,0
79,google/gke/cpu,google,gke,cpu,128,kripke,throughput,18513900000.0,0
80,google/gke/cpu,google,gke,cpu,128,kripke,sweep_eff,4.18482,0
81,google/gke/cpu,google,gke,cpu,128,kripke,throughput,18392700000.0,0
82,google/gke/cpu,google,gke,cpu,128,kripke,grind_time_seconds,5.43693e-11,0
83,google/gke/cpu,google,gke,cpu,128,kripke,duration,63.620548725128174,0
84,google/gke/cpu,google,gke,cpu,128,kripke,grind_time_seconds,5.401359e-11,0
85,google/gke/cpu,google,gke,cpu,128,kripke,duration,63.37785577774048,0
86,google/gke/cpu,google,gke,cpu,128,kripke,grind_time_seconds,5.443773e-11,0
87,google/gke/cpu,google,gke,cpu,128,kripke,duration,63.929800510406494,0
88,google/gke/cpu,google,gke,cpu,128,kripke,sweep_eff,4.0665,0
89,google/gke/cpu,google,gke,cpu,128,kripke,throughput,18369600000.0,0
90,google/gke/cpu,google,gke,cpu,8,kripke,grind_time_seconds,1.863253e-10,0
91,google/gke/cpu,google,gke,cpu,8,kripke,duration,153.6443247795105,0
92,google/gke/cpu,google,gke,cpu,8,kripke,grind_time_seconds,1.862241e-10,0
93,google/gke/cpu,google,gke,cpu,8,kripke,duration,153.59482979774475,0
94,google/gke/cpu,google,gke,cpu,8,kripke,grind_time_seconds,1.864589e-10,0
95,google/gke/cpu,google,gke,cpu,8,kripke,duration,153.62612128257751,0
96,google/gke/cpu,google,gke,cpu,8,kripke,grind_time_seconds,1.862283e-10,0
97,google/gke/cpu,google,gke,cpu,8,kripke,duration,153.5868980884552,0
98,google/gke/cpu,google,gke,cpu,8,kripke,grind_time_seconds,1.862982e-10,0
99,google/gke/cpu,google,gke,cpu,8,kripke,duration,153.12254428863525,0
100,google/gke/cpu,google,gke,cpu,8,kripke,sweep_eff,38.8324,0
101,google/gke/cpu,google,gke,cpu,8,kripke,throughput,5039950000.0,0
102,google/gke/cpu,google,gke,cpu,8,kripke,grind_time_seconds,1.988255e-10,0
103,google/gke/cpu,google,gke,cpu,8,kripke,duration,163.78601169586182,0
104,google/gke/cpu,google,gke,cpu,8,kripke,sweep_eff,37.3188,0
105,google/gke/cpu,google,gke,cpu,8,kripke,throughput,5029540000.0,0
106,google/gke/cpu,google,gke,cpu,8,kripke,sweep_eff,36.6953,0
107,google/gke/cpu,google,gke,cpu,8,kripke,throughput,5050620000.0,0
108,google/gke/cpu,google,gke,cpu,8,kripke,sweep_eff,38.0924,0
109,google/gke/cpu,google,gke,cpu,8,kripke,throughput,5028830000.0,0
110,google/gke/cpu,google,gke,cpu,8,kripke,grind_time_seconds,1.988534e-10,0
111,google/gke/cpu,google,gke,cpu,8,kripke,duration,163.80593132972717,0
112,google/gke/cpu,google,gke,cpu,8,kripke,grind_time_seconds,1.979955e-10,0
113,google/gke/cpu,google,gke,cpu,8,kripke,duration,162.6528558731079,0
114,google/gke/cpu,google,gke,cpu,8,kripke,grind_time_seconds,1.980203e-10,0
115,google/gke/cpu,google,gke,cpu,8,kripke,duration,163.02266812324524,0
116,google/gke/cpu,google,gke,cpu,8,kripke,grind_time_seconds,1.984147e-10,0
117,google/gke/cpu,google,gke,cpu,8,kripke,duration,163.02411317825317,0
118,google/gke/cpu,google,gke,cpu,8,kripke,sweep_eff,38.007,0
119,google/gke/cpu,google,gke,cpu,8,kripke,throughput,5049990000.0,0
120,google/gke/cpu,google,gke,cpu,256,kripke,grind_time_seconds,4.140383e-11,0
121,google/gke/cpu,google,gke,cpu,256,kripke,duration,95.76313781738281,0
122,google/gke/cpu,google,gke,cpu,256,kripke,grind_time_seconds,4.125854e-11,0
123,google/gke/cpu,google,gke,cpu,256,kripke,duration,96.38588118553162,0
124,google/gke/cpu,google,gke,cpu,256,kripke,grind_time_seconds,4.124442e-11,0
125,google/gke/cpu,google,gke,cpu,256,kripke,duration,96.84414100646973,0
126,google/gke/cpu,google,gke,cpu,256,kripke,grind_time_seconds,4.186854e-11,0
127,google/gke/cpu,google,gke,cpu,256,kripke,duration,96.33560061454773,0
128,google/gke/cpu,google,gke,cpu,256,kripke,grind_time_seconds,4.157612e-11,0
129,google/gke/cpu,google,gke,cpu,256,kripke,duration,94.89988255500793,0
130,google/gke/cpu,google,gke,cpu,256,kripke,sweep_eff,1.40273,0
131,google/gke/cpu,google,gke,cpu,256,kripke,throughput,14677600000.0,0
132,google/gke/cpu,google,gke,cpu,256,kripke,grind_time_seconds,6.606623e-11,0
133,google/gke/cpu,google,gke,cpu,256,kripke,duration,121.84579944610596,0
134,google/gke/cpu,google,gke,cpu,256,kripke,grind_time_seconds,6.58575e-11,0
135,google/gke/cpu,google,gke,cpu,256,kripke,duration,122.53368663787842,0
136,google/gke/cpu,google,gke,cpu,256,kripke,grind_time_seconds,6.576842e-11,0
137,google/gke/cpu,google,gke,cpu,256,kripke,duration,121.23798155784607,0
138,google/gke/cpu,google,gke,cpu,256,kripke,sweep_eff,1.44889,0
139,google/gke/cpu,google,gke,cpu,256,kripke,throughput,15184300000.0,0
140,google/gke/cpu,google,gke,cpu,256,kripke,sweep_eff,1.43273,0
141,google/gke/cpu,google,gke,cpu,256,kripke,throughput,15136300000.0,0
142,google/gke/cpu,google,gke,cpu,256,kripke,sweep_eff,1.53656,0
143,google/gke/cpu,google,gke,cpu,256,kripke,throughput,15092000000.0,0
144,google/gke/cpu,google,gke,cpu,256,kripke,grind_time_seconds,6.626008e-11,0
145,google/gke/cpu,google,gke,cpu,256,kripke,duration,121.92528891563416,0
146,google/gke/cpu,google,gke,cpu,256,kripke,grind_time_seconds,6.813088e-11,0
147,google/gke/cpu,google,gke,cpu,256,kripke,duration,124.67479467391968,0
148,google/gke/cpu,google,gke,cpu,256,kripke,sweep_eff,1.49274,0
149,google/gke/cpu,google,gke,cpu,256,kripke,throughput,15204900000.0,0
150,google/gke/cpu,google,gke,cpu,16,kripke,grind_time_seconds,9.421875e-11,0
151,google/gke/cpu,google,gke,cpu,16,kripke,duration,79.65241479873657,0
152,google/gke/cpu,google,gke,cpu,16,kripke,grind_time_seconds,9.31516e-11,0
153,google/gke/cpu,google,gke,cpu,16,kripke,duration,78.72312784194946,0
154,google/gke/cpu,google,gke,cpu,16,kripke,grind_time_seconds,9.330174e-11,0
155,google/gke/cpu,google,gke,cpu,16,kripke,duration,78.95215654373169,0
156,google/gke/cpu,google,gke,cpu,16,kripke,grind_time_seconds,9.350343e-11,0
157,google/gke/cpu,google,gke,cpu,16,kripke,duration,79.12121939659119,0
158,google/gke/cpu,google,gke,cpu,16,kripke,grind_time_seconds,9.36383e-11,0
159,google/gke/cpu,google,gke,cpu,16,kripke,duration,79.31524991989136,0
160,google/gke/cpu,google,gke,cpu,16,kripke,sweep_eff,24.2344,0
161,google/gke/cpu,google,gke,cpu,16,kripke,throughput,9050050000.0,0
162,google/gke/cpu,google,gke,cpu,16,kripke,grind_time_seconds,1.095237e-10,0
163,google/gke/cpu,google,gke,cpu,16,kripke,duration,92.1756854057312,0
164,google/gke/cpu,google,gke,cpu,16,kripke,sweep_eff,23.1201,0
165,google/gke/cpu,google,gke,cpu,16,kripke,throughput,9111310000.0,0
166,google/gke/cpu,google,gke,cpu,16,kripke,sweep_eff,25.419,0
167,google/gke/cpu,google,gke,cpu,16,kripke,throughput,9130440000.0,0
168,google/gke/cpu,google,gke,cpu,16,kripke,sweep_eff,24.981,0
169,google/gke/cpu,google,gke,cpu,16,kripke,throughput,9069220000.0,0
170,google/gke/cpu,google,gke,cpu,16,kripke,grind_time_seconds,1.104967e-10,0
171,google/gke/cpu,google,gke,cpu,16,kripke,duration,93.02027654647827,0
172,google/gke/cpu,google,gke,cpu,16,kripke,grind_time_seconds,1.102631e-10,0
173,google/gke/cpu,google,gke,cpu,16,kripke,duration,92.37908983230591,0
174,google/gke/cpu,google,gke,cpu,16,kripke,grind_time_seconds,1.096732e-10,0
175,google/gke/cpu,google,gke,cpu,16,kripke,duration,92.30687284469604,0
176,google/gke/cpu,google,gke,cpu,16,kripke,grind_time_seconds,1.097537e-10,0
177,google/gke/cpu,google,gke,cpu,16,kripke,duration,92.2787139415741,0
178,google/gke/cpu,google,gke,cpu,16,kripke,sweep_eff,24.3558,0
179,google/gke/cpu,google,gke,cpu,16,kripke,throughput,9117990000.0,0
180,google/gke/cpu,google,gke,cpu,4,kripke,grind_time_seconds,3.772866e-10,0
181,google/gke/cpu,google,gke,cpu,4,kripke,duration,306.8489809036255,0
182,google/gke/cpu,google,gke,cpu,4,kripke,grind_time_seconds,3.786224e-10,0
183,google/gke/cpu,google,gke,cpu,4,kripke,duration,307.9110441207886,0
184,google/gke/cpu,google,gke,cpu,4,kripke,grind_time_seconds,3.794855e-10,0
185,google/gke/cpu,google,gke,cpu,4,kripke,duration,308.60053420066833,0
186,google/gke/cpu,google,gke,cpu,4,kripke,grind_time_seconds,3.757628e-10,0
187,google/gke/cpu,google,gke,cpu,4,kripke,duration,306.04689383506775,0
188,google/gke/cpu,google,gke,cpu,4,kripke,grind_time_seconds,3.763252e-10,0
189,google/gke/cpu,google,gke,cpu,4,kripke,duration,306.52136993408203,0
190,google/gke/cpu,google,gke,cpu,4,kripke,sweep_eff,55.0219,0
191,google/gke/cpu,google,gke,cpu,4,kripke,throughput,2553620000.0,0
192,google/gke/cpu,google,gke,cpu,4,kripke,sweep_eff,56.3565,0
193,google/gke/cpu,google,gke,cpu,4,kripke,throughput,2566450000.0,0
194,google/gke/cpu,google,gke,cpu,4,kripke,grind_time_seconds,3.895773e-10,0
195,google/gke/cpu,google,gke,cpu,4,kripke,duration,317.23721194267273,0
196,google/gke/cpu,google,gke,cpu,4,kripke,sweep_eff,54.8388,0
197,google/gke/cpu,google,gke,cpu,4,kripke,throughput,2566880000.0,0
198,google/gke/cpu,google,gke,cpu,4,kripke,sweep_eff,55.6282,0
199,google/gke/cpu,google,gke,cpu,4,kripke,throughput,2554960000.0,0
200,google/gke/cpu,google,gke,cpu,4,kripke,grind_time_seconds,3.896435e-10,0
201,google/gke/cpu,google,gke,cpu,4,kripke,duration,317.31202816963196,0
202,google/gke/cpu,google,gke,cpu,4,kripke,grind_time_seconds,3.913962e-10,0
203,google/gke/cpu,google,gke,cpu,4,kripke,duration,318.8789737224579,0
204,google/gke/cpu,google,gke,cpu,4,kripke,grind_time_seconds,3.919297e-10,0
205,google/gke/cpu,google,gke,cpu,4,kripke,duration,318.73893427848816,0
206,google/gke/cpu,google,gke,cpu,4,kripke,grind_time_seconds,3.916015e-10,0
207,google/gke/cpu,google,gke,cpu,4,kripke,duration,318.4727473258972,0
208,google/gke/cpu,google,gke,cpu,4,kripke,sweep_eff,55.3991,0
209,google/gke/cpu,google,gke,cpu,4,kripke,throughput,2551480000.0,0
210,google/compute-engine/cpu,google,compute-engine,cpu,64,kripke,grind_time_seconds,2.359641e-11,0
211,google/compute-engine/cpu,google,compute-engine,cpu,64,kripke,duration,26.66671323776245,0
212,google/compute-engine/cpu,google,compute-engine,cpu,64,kripke,grind_time_seconds,2.386792e-11,0
213,google/compute-engine/cpu,google,compute-engine,cpu,64,kripke,duration,26.692412614822388,0
214,google/compute-engine/cpu,google,compute-engine,cpu,64,kripke,grind_time_seconds,2.397148e-11,0
215,google/compute-engine/cpu,google,compute-engine,cpu,64,kripke,duration,27.065874576568604,0
216,google/compute-engine/cpu,google,compute-engine,cpu,64,kripke,grind_time_seconds,2.349845e-11,0
217,google/compute-engine/cpu,google,compute-engine,cpu,64,kripke,duration,26.927767515182495,0
218,google/compute-engine/cpu,google,compute-engine,cpu,64,kripke,grind_time_seconds,2.393328e-11,0
219,google/compute-engine/cpu,google,compute-engine,cpu,64,kripke,duration,26.825560331344604,0
220,google/compute-engine/cpu,google,compute-engine,cpu,64,kripke,grind_time_seconds,3.857393e-11,0
221,google/compute-engine/cpu,google,compute-engine,cpu,64,kripke,duration,38.96112775802612,0
222,google/compute-engine/cpu,google,compute-engine,cpu,64,kripke,sweep_eff,12.187,0
223,google/compute-engine/cpu,google,compute-engine,cpu,64,kripke,throughput,25924200000.0,0
224,google/compute-engine/cpu,google,compute-engine,cpu,64,kripke,sweep_eff,11.6868,0
225,google/compute-engine/cpu,google,compute-engine,cpu,64,kripke,throughput,25357200000.0,0
226,google/compute-engine/cpu,google,compute-engine,cpu,64,kripke,grind_time_seconds,3.783928e-11,0
227,google/compute-engine/cpu,google,compute-engine,cpu,64,kripke,duration,38.41284656524658,0
228,google/compute-engine/cpu,google,compute-engine,cpu,64,kripke,sweep_eff,11.8276,0
229,google/compute-engine/cpu,google,compute-engine,cpu,64,kripke,throughput,26011700000.0,0
230,google/compute-engine/cpu,google,compute-engine,cpu,64,kripke,sweep_eff,12.1443,0
231,google/compute-engine/cpu,google,compute-engine,cpu,64,kripke,throughput,26427600000.0,0
232,google/compute-engine/cpu,google,compute-engine,cpu,64,kripke,grind_time_seconds,3.943658e-11,0
233,google/compute-engine/cpu,google,compute-engine,cpu,64,kripke,duration,39.83093857765198,0
234,google/compute-engine/cpu,google,compute-engine,cpu,64,kripke,grind_time_seconds,3.804397e-11,0
235,google/compute-engine/cpu,google,compute-engine,cpu,64,kripke,duration,38.39897322654724,0
236,google/compute-engine/cpu,google,compute-engine,cpu,64,kripke,sweep_eff,12.122,0
237,google/compute-engine/cpu,google,compute-engine,cpu,64,kripke,throughput,26285400000.0,0
238,google/compute-engine/cpu,google,compute-engine,cpu,64,kripke,grind_time_seconds,3.844428e-11,0
239,google/compute-engine/cpu,google,compute-engine,cpu,64,kripke,duration,38.997005462646484,0
240,google/compute-engine/cpu,google,compute-engine,cpu,32,kripke,grind_time_seconds,3.874618e-11,0
241,google/compute-engine/cpu,google,compute-engine,cpu,32,kripke,duration,36.54942512512207,0
242,google/compute-engine/cpu,google,compute-engine,cpu,32,kripke,grind_time_seconds,3.901598e-11,0
243,google/compute-engine/cpu,google,compute-engine,cpu,32,kripke,duration,36.82424187660217,0
244,google/compute-engine/cpu,google,compute-engine,cpu,32,kripke,grind_time_seconds,4.154033e-11,0
245,google/compute-engine/cpu,google,compute-engine,cpu,32,kripke,duration,38.84627151489258,0
246,google/compute-engine/cpu,google,compute-engine,cpu,32,kripke,grind_time_seconds,3.933338e-11,0
247,google/compute-engine/cpu,google,compute-engine,cpu,32,kripke,duration,37.02382183074951,0
248,google/compute-engine/cpu,google,compute-engine,cpu,32,kripke,grind_time_seconds,3.897059e-11,0
249,google/compute-engine/cpu,google,compute-engine,cpu,32,kripke,duration,36.76380276679993,0
250,google/compute-engine/cpu,google,compute-engine,cpu,32,kripke,sweep_eff,22.5995,0
251,google/compute-engine/cpu,google,compute-engine,cpu,32,kripke,throughput,19267900000.0,0
252,google/compute-engine/cpu,google,compute-engine,cpu,32,kripke,grind_time_seconds,5.265079e-11,0
253,google/compute-engine/cpu,google,compute-engine,cpu,32,kripke,duration,47.932183504104614,0
254,google/compute-engine/cpu,google,compute-engine,cpu,32,kripke,grind_time_seconds,5.18998e-11,0
255,google/compute-engine/cpu,google,compute-engine,cpu,32,kripke,duration,47.33212924003601,0
256,google/compute-engine/cpu,google,compute-engine,cpu,32,kripke,sweep_eff,23.2826,0
257,google/compute-engine/cpu,google,compute-engine,cpu,32,kripke,throughput,19164000000.0,0
258,google/compute-engine/cpu,google,compute-engine,cpu,32,kripke,grind_time_seconds,5.259998e-11,0
259,google/compute-engine/cpu,google,compute-engine,cpu,32,kripke,duration,47.897167682647705,0
260,google/compute-engine/cpu,google,compute-engine,cpu,32,kripke,sweep_eff,22.619,0
261,google/compute-engine/cpu,google,compute-engine,cpu,32,kripke,throughput,18944400000.0,0
262,google/compute-engine/cpu,google,compute-engine,cpu,32,kripke,sweep_eff,21.6057,0
263,google/compute-engine/cpu,google,compute-engine,cpu,32,kripke,throughput,18993100000.0,0
264,google/compute-engine/cpu,google,compute-engine,cpu,32,kripke,grind_time_seconds,5.21811e-11,0
265,google/compute-engine/cpu,google,compute-engine,cpu,32,kripke,duration,47.555222272872925,0
266,google/compute-engine/cpu,google,compute-engine,cpu,32,kripke,sweep_eff,22.6102,0
267,google/compute-engine/cpu,google,compute-engine,cpu,32,kripke,throughput,19011400000.0,0
268,google/compute-engine/cpu,google,compute-engine,cpu,32,kripke,grind_time_seconds,5.278618e-11,0
269,google/compute-engine/cpu,google,compute-engine,cpu,32,kripke,duration,48.042333364486694,0
270,google/compute-engine/cpu,google,compute-engine,cpu,128,kripke,grind_time_seconds,1.596084e-11,0
271,google/compute-engine/cpu,google,compute-engine,cpu,128,kripke,duration,31.90736699104309,0
272,google/compute-engine/cpu,google,compute-engine,cpu,128,kripke,grind_time_seconds,1.616351e-11,0
273,google/compute-engine/cpu,google,compute-engine,cpu,128,kripke,duration,32.86520314216614,0
274,google/compute-engine/cpu,google,compute-engine,cpu,128,kripke,grind_time_seconds,1.683173e-11,0
275,google/compute-engine/cpu,google,compute-engine,cpu,128,kripke,duration,32.94714617729187,0
276,google/compute-engine/cpu,google,compute-engine,cpu,128,kripke,grind_time_seconds,1.614801e-11,0
277,google/compute-engine/cpu,google,compute-engine,cpu,128,kripke,duration,32.52289390563965,0
278,google/compute-engine/cpu,google,compute-engine,cpu,128,kripke,grind_time_seconds,1.607797e-11,0
279,google/compute-engine/cpu,google,compute-engine,cpu,128,kripke,duration,32.07649111747742,0
280,google/compute-engine/cpu,google,compute-engine,cpu,128,kripke,sweep_eff,6.06748,0
281,google/compute-engine/cpu,google,compute-engine,cpu,128,kripke,throughput,29980400000.0,0
282,google/compute-engine/cpu,google,compute-engine,cpu,128,kripke,grind_time_seconds,3.219122e-11,0
283,google/compute-engine/cpu,google,compute-engine,cpu,128,kripke,duration,46.6306369304657,0
284,google/compute-engine/cpu,google,compute-engine,cpu,128,kripke,sweep_eff,6.56889,0
285,google/compute-engine/cpu,google,compute-engine,cpu,128,kripke,throughput,31925800000.0,0
286,google/compute-engine/cpu,google,compute-engine,cpu,128,kripke,sweep_eff,6.78661,0
287,google/compute-engine/cpu,google,compute-engine,cpu,128,kripke,throughput,32382600000.0,0
288,google/compute-engine/cpu,google,compute-engine,cpu,128,kripke,sweep_eff,6.58819,0
289,google/compute-engine/cpu,google,compute-engine,cpu,128,kripke,throughput,31064400000.0,0
290,google/compute-engine/cpu,google,compute-engine,cpu,128,kripke,grind_time_seconds,3.088076e-11,0
291,google/compute-engine/cpu,google,compute-engine,cpu,128,kripke,duration,44.773956537246704,0
292,google/compute-engine/cpu,google,compute-engine,cpu,128,kripke,grind_time_seconds,3.335516e-11,0
293,google/compute-engine/cpu,google,compute-engine,cpu,128,kripke,duration,47.09860420227051,0
294,google/compute-engine/cpu,google,compute-engine,cpu,128,kripke,grind_time_seconds,3.132264e-11,0
295,google/compute-engine/cpu,google,compute-engine,cpu,128,kripke,duration,45.69886040687561,0
296,google/compute-engine/cpu,google,compute-engine,cpu,128,kripke,grind_time_seconds,3.085636e-11,0
297,google/compute-engine/cpu,google,compute-engine,cpu,128,kripke,duration,45.08002281188965,0
298,google/compute-engine/cpu,google,compute-engine,cpu,128,kripke,sweep_eff,6.68547,0
299,google/compute-engine/cpu,google,compute-engine,cpu,128,kripke,throughput,32408200000.0,0
300,google/compute-engine/cpu,google,compute-engine,cpu,8,kripke,grind_time_seconds,1.64652e-10,0
301,google/compute-engine/cpu,google,compute-engine,cpu,8,kripke,duration,137.13727712631226,0
302,google/compute-engine/cpu,google,compute-engine,cpu,8,kripke,grind_time_seconds,1.640221e-10,0
303,google/compute-engine/cpu,google,compute-engine,cpu,8,kripke,duration,136.63086605072021,0
304,google/compute-engine/cpu,google,compute-engine,cpu,8,kripke,grind_time_seconds,1.715151e-10,0
305,google/compute-engine/cpu,google,compute-engine,cpu,8,kripke,duration,142.73263359069824,0
306,google/compute-engine/cpu,google,compute-engine,cpu,8,kripke,grind_time_seconds,1.644249e-10,0
307,google/compute-engine/cpu,google,compute-engine,cpu,8,kripke,duration,136.95913934707642,0
308,google/compute-engine/cpu,google,compute-engine,cpu,8,kripke,grind_time_seconds,1.645125e-10,0
309,google/compute-engine/cpu,google,compute-engine,cpu,8,kripke,duration,137.02568864822388,0
310,google/compute-engine/cpu,google,compute-engine,cpu,8,kripke,grind_time_seconds,1.75004e-10,0
311,google/compute-engine/cpu,google,compute-engine,cpu,8,kripke,duration,145.57970142364502,0
312,google/compute-engine/cpu,google,compute-engine,cpu,8,kripke,sweep_eff,53.9048,0
313,google/compute-engine/cpu,google,compute-engine,cpu,8,kripke,throughput,5735600000.0,0
314,google/compute-engine/cpu,google,compute-engine,cpu,8,kripke,grind_time_seconds,1.75076e-10,0
315,google/compute-engine/cpu,google,compute-engine,cpu,8,kripke,duration,145.64946937561035,0
316,google/compute-engine/cpu,google,compute-engine,cpu,8,kripke,sweep_eff,51.5132,0
317,google/compute-engine/cpu,google,compute-engine,cpu,8,kripke,throughput,5732390000.0,0
318,google/compute-engine/cpu,google,compute-engine,cpu,8,kripke,sweep_eff,49.6841,0
319,google/compute-engine/cpu,google,compute-engine,cpu,8,kripke,throughput,5716720000.0,0
320,google/compute-engine/cpu,google,compute-engine,cpu,8,kripke,sweep_eff,49.1977,0
321,google/compute-engine/cpu,google,compute-engine,cpu,8,kripke,throughput,5711810000.0,0
322,google/compute-engine/cpu,google,compute-engine,cpu,8,kripke,grind_time_seconds,1.743498e-10,0
323,google/compute-engine/cpu,google,compute-engine,cpu,8,kripke,duration,145.0676200389862,0
324,google/compute-engine/cpu,google,compute-engine,cpu,8,kripke,grind_time_seconds,1.749255e-10,0
325,google/compute-engine/cpu,google,compute-engine,cpu,8,kripke,duration,145.52784299850464,0
326,google/compute-engine/cpu,google,compute-engine,cpu,8,kripke,grind_time_seconds,1.744472e-10,0
327,google/compute-engine/cpu,google,compute-engine,cpu,8,kripke,duration,145.14647150039673,0
328,google/compute-engine/cpu,google,compute-engine,cpu,8,kripke,sweep_eff,50.9353,0
329,google/compute-engine/cpu,google,compute-engine,cpu,8,kripke,throughput,5714160000.0,0
330,google/compute-engine/cpu,google,compute-engine,cpu,256,kripke,grind_time_seconds,1.320242e-11,0
331,google/compute-engine/cpu,google,compute-engine,cpu,256,kripke,duration,72.57347345352173,0
332,google/compute-engine/cpu,google,compute-engine,cpu,256,kripke,grind_time_seconds,1.355075e-11,0
333,google/compute-engine/cpu,google,compute-engine,cpu,256,kripke,duration,74.16438269615173,0
334,google/compute-engine/cpu,google,compute-engine,cpu,256,kripke,grind_time_seconds,1.358452e-11,0
335,google/compute-engine/cpu,google,compute-engine,cpu,256,kripke,duration,73.42428708076477,0
336,google/compute-engine/cpu,google,compute-engine,cpu,256,kripke,grind_time_seconds,1.338446e-11,0
337,google/compute-engine/cpu,google,compute-engine,cpu,256,kripke,duration,73.68813991546631,0
338,google/compute-engine/cpu,google,compute-engine,cpu,256,kripke,grind_time_seconds,1.376101e-11,0
339,google/compute-engine/cpu,google,compute-engine,cpu,256,kripke,duration,73.27865600585938,0
340,google/compute-engine/cpu,google,compute-engine,cpu,256,kripke,grind_time_seconds,2.923807e-11,0
341,google/compute-engine/cpu,google,compute-engine,cpu,256,kripke,duration,88.68478035926819,0
342,google/compute-engine/cpu,google,compute-engine,cpu,256,kripke,sweep_eff,3.46885,0
343,google/compute-engine/cpu,google,compute-engine,cpu,256,kripke,throughput,33671500000.0,0
344,google/compute-engine/cpu,google,compute-engine,cpu,256,kripke,grind_time_seconds,3.052267e-11,0
345,google/compute-engine/cpu,google,compute-engine,cpu,256,kripke,duration,91.04994773864746,0
346,google/compute-engine/cpu,google,compute-engine,cpu,256,kripke,sweep_eff,3.42315,0
347,google/compute-engine/cpu,google,compute-engine,cpu,256,kripke,throughput,32762500000.0,0
348,google/compute-engine/cpu,google,compute-engine,cpu,256,kripke,sweep_eff,3.55225,0
349,google/compute-engine/cpu,google,compute-engine,cpu,256,kripke,throughput,34202000000.0,0
350,google/compute-engine/cpu,google,compute-engine,cpu,256,kripke,sweep_eff,3.42232,0
351,google/compute-engine/cpu,google,compute-engine,cpu,256,kripke,throughput,33746200000.0,0
352,google/compute-engine/cpu,google,compute-engine,cpu,256,kripke,grind_time_seconds,2.94606e-11,0
353,google/compute-engine/cpu,google,compute-engine,cpu,256,kripke,duration,90.61260032653809,0
354,google/compute-engine/cpu,google,compute-engine,cpu,256,kripke,grind_time_seconds,2.969869e-11,0
355,google/compute-engine/cpu,google,compute-engine,cpu,256,kripke,duration,88.81574249267578,0
356,google/compute-engine/cpu,google,compute-engine,cpu,256,kripke,grind_time_seconds,2.963293e-11,0
357,google/compute-engine/cpu,google,compute-engine,cpu,256,kripke,duration,89.81935214996338,0
358,google/compute-engine/cpu,google,compute-engine,cpu,256,kripke,sweep_eff,3.57807,0
359,google/compute-engine/cpu,google,compute-engine,cpu,256,kripke,throughput,33943600000.0,0
360,google/compute-engine/cpu,google,compute-engine,cpu,16,kripke,grind_time_seconds,7.580651e-11,0
361,google/compute-engine/cpu,google,compute-engine,cpu,16,kripke,duration,65.5843575000763,0
362,google/compute-engine/cpu,google,compute-engine,cpu,16,kripke,grind_time_seconds,7.724959e-11,0
363,google/compute-engine/cpu,google,compute-engine,cpu,16,kripke,duration,66.8013973236084,0
364,google/compute-engine/cpu,google,compute-engine,cpu,16,kripke,grind_time_seconds,7.550414e-11,0
365,google/compute-engine/cpu,google,compute-engine,cpu,16,kripke,duration,65.46519827842712,0
366,google/compute-engine/cpu,google,compute-engine,cpu,16,kripke,grind_time_seconds,7.602191e-11,0
367,google/compute-engine/cpu,google,compute-engine,cpu,16,kripke,duration,65.74198698997498,0
368,google/compute-engine/cpu,google,compute-engine,cpu,16,kripke,grind_time_seconds,8.020766e-11,0
369,google/compute-engine/cpu,google,compute-engine,cpu,16,kripke,duration,69.16040539741516,0
370,google/compute-engine/cpu,google,compute-engine,cpu,16,kripke,sweep_eff,30.8976,0
371,google/compute-engine/cpu,google,compute-engine,cpu,16,kripke,throughput,11257300000.0,0
372,google/compute-engine/cpu,google,compute-engine,cpu,16,kripke,sweep_eff,32.8302,0
373,google/compute-engine/cpu,google,compute-engine,cpu,16,kripke,throughput,11447100000.0,0
374,google/compute-engine/cpu,google,compute-engine,cpu,16,kripke,sweep_eff,32.7466,0
375,google/compute-engine/cpu,google,compute-engine,cpu,16,kripke,throughput,11411800000.0,0
376,google/compute-engine/cpu,google,compute-engine,cpu,16,kripke,sweep_eff,33.5718,0
377,google/compute-engine/cpu,google,compute-engine,cpu,16,kripke,throughput,11278000000.0,0
378,google/compute-engine/cpu,google,compute-engine,cpu,16,kripke,grind_time_seconds,8.762828e-11,0
379,google/compute-engine/cpu,google,compute-engine,cpu,16,kripke,duration,75.2365174293518,0
380,google/compute-engine/cpu,google,compute-engine,cpu,16,kripke,grind_time_seconds,8.883088e-11,0
381,google/compute-engine/cpu,google,compute-engine,cpu,16,kripke,duration,76.20764923095703,0
382,google/compute-engine/cpu,google,compute-engine,cpu,16,kripke,grind_time_seconds,8.866854e-11,0
383,google/compute-engine/cpu,google,compute-engine,cpu,16,kripke,duration,76.09995985031128,0
384,google/compute-engine/cpu,google,compute-engine,cpu,16,kripke,grind_time_seconds,8.735835e-11,0
385,google/compute-engine/cpu,google,compute-engine,cpu,16,kripke,duration,75.00188207626343,0
386,google/compute-engine/cpu,google,compute-engine,cpu,16,kripke,grind_time_seconds,8.731178e-11,0
387,google/compute-engine/cpu,google,compute-engine,cpu,16,kripke,duration,75.01429271697998,0
388,google/compute-engine/cpu,google,compute-engine,cpu,16,kripke,sweep_eff,33.7756,0
389,google/compute-engine/cpu,google,compute-engine,cpu,16,kripke,throughput,11453200000.0,0
390,google/compute-engine/cpu,google,compute-engine,cpu,4,kripke,grind_time_seconds,3.604021e-10,0
391,google/compute-engine/cpu,google,compute-engine,cpu,4,kripke,duration,294.7094419002533,0
392,google/compute-engine/cpu,google,compute-engine,cpu,4,kripke,grind_time_seconds,3.518207e-10,0
393,google/compute-engine/cpu,google,compute-engine,cpu,4,kripke,duration,287.8271732330322,0
394,google/compute-engine/cpu,google,compute-engine,cpu,4,kripke,grind_time_seconds,3.517559e-10,0
395,google/compute-engine/cpu,google,compute-engine,cpu,4,kripke,duration,287.7418808937073,0
396,google/compute-engine/cpu,google,compute-engine,cpu,4,kripke,grind_time_seconds,3.538332e-10,0
397,google/compute-engine/cpu,google,compute-engine,cpu,4,kripke,duration,289.40606689453125,0
398,google/compute-engine/cpu,google,compute-engine,cpu,4,kripke,grind_time_seconds,3.542143e-10,0
399,google/compute-engine/cpu,google,compute-engine,cpu,4,kripke,duration,289.70812249183655,0
400,google/compute-engine/cpu,google,compute-engine,cpu,4,kripke,sweep_eff,57.7443,0
401,google/compute-engine/cpu,google,compute-engine,cpu,4,kripke,throughput,2759130000.0,0
402,google/compute-engine/cpu,google,compute-engine,cpu,4,kripke,grind_time_seconds,3.594716e-10,0
403,google/compute-engine/cpu,google,compute-engine,cpu,4,kripke,duration,294.0676980018616,0
404,google/compute-engine/cpu,google,compute-engine,cpu,4,kripke,sweep_eff,64.6107,0
405,google/compute-engine/cpu,google,compute-engine,cpu,4,kripke,throughput,2801770000.0,0
406,google/compute-engine/cpu,google,compute-engine,cpu,4,kripke,sweep_eff,62.8307,0
407,google/compute-engine/cpu,google,compute-engine,cpu,4,kripke,throughput,2801830000.0,0
408,google/compute-engine/cpu,google,compute-engine,cpu,4,kripke,sweep_eff,62.2036,0
409,google/compute-engine/cpu,google,compute-engine,cpu,4,kripke,throughput,2760150000.0,0
410,google/compute-engine/cpu,google,compute-engine,cpu,4,kripke,grind_time_seconds,3.569098e-10,0
411,google/compute-engine/cpu,google,compute-engine,cpu,4,kripke,duration,291.99081683158875,0
412,google/compute-engine/cpu,google,compute-engine,cpu,4,kripke,grind_time_seconds,3.624335e-10,0
413,google/compute-engine/cpu,google,compute-engine,cpu,4,kripke,duration,296.44388794898987,0
414,google/compute-engine/cpu,google,compute-engine,cpu,4,kripke,grind_time_seconds,3.569168e-10,0
415,google/compute-engine/cpu,google,compute-engine,cpu,4,kripke,duration,291.98684906959534,0
416,google/compute-engine/cpu,google,compute-engine,cpu,4,kripke,grind_time_seconds,3.622986e-10,0
417,google/compute-engine/cpu,google,compute-engine,cpu,4,kripke,duration,296.32827401161194,0
418,google/compute-engine/cpu,google,compute-engine,cpu,4,kripke,sweep_eff,61.2577,0
419,google/compute-engine/cpu,google,compute-engine,cpu,4,kripke,throughput,2781860000.0,0
